scenario,overall_rating,rating_numeric,spread_bps,is_investment_grade,is_distressed,capacity_rating,profitability_rating,coverage_rating,dscr_rating,net_debt_leverage_rating,equity_leverage_rating,asset_leverage_rating,capacity_mw,ebitda_to_fixed_assets,ebitda_to_interest,dscr,net_debt_to_ebitda,debt_to_equity,debt_to_assets,is_ebitda_negative,rating_rationale
baseline,AA,2,100,True,False,AAA,AAA,A,AA,AA,A,BBB,2100.0,17.782771604224155,4.164583513869825,2.1056458130006055,3.836394256077161,233.33333333333334,70.0,False,"Overall AA: Weighted average (DSCR=AA, Coverage=A)"
moderate_transition,CC,8,1500,False,True,AAA,BB,B,CC,B,A,BBB,2100.0,3.6140487510426116,0.8463814405252018,0.5782134632288757,19.268858812379275,233.33333333333334,70.0,False,Overall CC: Distress-driven rating (critical metric in distress: CC)
aggressive_transition,CC,8,1500,False,True,AAA,BB,B,CC,B,A,BBB,2100.0,3.6140487510426116,0.8463814405252018,0.5782134632288757,19.268858812379275,233.33333333333334,70.0,False,Overall CC: Distress-driven rating (critical metric in distress: CC)
moderate_physical,AA,2,100,True,False,AAA,AAA,A,AA,AA,A,BBB,2100.0,17.41423455101281,4.078275070494803,2.065702313650606,3.9197000789752656,233.33333333333334,70.0,False,"Overall AA: Weighted average (DSCR=AA, Coverage=A)"
high_physical,AA,2,100,True,False,AAA,AAA,A,AA,AA,A,BBB,2100.0,17.16257470528013,4.019338338473098,2.0384264270149153,3.978642115303612,233.33333333333334,70.0,False,"Overall AA: Weighted average (DSCR=AA, Coverage=A)"
combined_moderate,CC,8,1500,False,True,AAA,BB,B,CC,B,A,BBB,2100.0,3.516307798892583,0.8234912877968579,0.563642583705879,19.807244758847794,233.33333333333334,70.0,False,Overall CC: Distress-driven rating (critical metric in distress: CC)
combined_aggressive,CC,8,1500,False,True,AAA,BB,B,CC,CCC,A,BBB,2100.0,3.4495642442743835,0.807860478752783,0.5535691585821191,20.192418126778364,233.33333333333334,70.0,False,Overall CC: Distress-driven rating (critical metric in distress: CC)
low_demand,BBB,4,250,True,False,AAA,A,BB,BBB,BBB,A,BBB,2100.0,8.5021896959728,1.9911451278624825,1.4802835136622654,8.133173159281148,233.33333333333334,70.0,False,"Overall BBB: Weighted average (DSCR=BBB, Coverage=BB)"
severe_drought,BBB,4,250,True,False,AAA,A,BB,BB,BBB,A,BBB,2100.0,8.514873286027928,1.9941155236599362,1.140433562832193,8.120909184269735,233.33333333333334,70.0,False,"Overall BBB: Weighted average (DSCR=BB, Coverage=BB)"
